<?xml version='1.0' encoding='UTF-8'?>
<dataset>
<record><name>홍길동</name><phone>010-1234-1234</phone><address>대구 중구 100번지</address><birth>98-10-03</birth></record>
<record><name>박민수</name><phone>010-2134-2222</phone><address>대구 중구 200번지</address><birth>91-12-03</birth></record>
<record><name>김기억</name><phone>010-1334-3332</phone><address>대구 중구 300번지</address><birth>92-11-03</birth></record>
<record><name>최수림</name><phone>010-1234-4521</phone><address>대구 중구 400번지</address><birth>95-07-03</birth></record>

</dataset>

